DROP TABLE Film;
DROP TABLE Produit;
DROP TABLE Seance;
DROP TABLE Vu;
DROP TABLE Aime;

CREATE TABLE Film (titre varchar(30),realisateur varchar(20),acteur varchar(20));
CREATE TABLE Produit(titre varchar(30), producteur varchar(20));
CREATE TABLE Seance(nom_salle varchar(20), titre varchar(30), horaire varchar(5));
CREATE TABLE Vu(spectateur varchar(20), titre varchar(30));
CREATE TABLE Aime(spectateur varchar(20), titre varchar(30));

INSERT INTO Film VALUES ('Le parrain','Francis Coppola','Marlon Brando');
INSERT INTO Film VALUES ('Le parrain','Francis Coppola','Robert De Niro');
INSERT INTO Film VALUES ('Le parrain','Francis Coppola','Al Pacino');
INSERT INTO Film VALUES ('Le parrain','Francis Coppola','Robert Duvall');
INSERT INTO Film VALUES ('Le parrain','Francis Coppola','Diane Keaton');
INSERT INTO Film VALUES ('Scarface','Brian De Palma','Al Pacino');
INSERT INTO Film VALUES ('Scarface','Brian De Palma','Michelle Pfeiffer');
INSERT INTO Film VALUES ('Casino','Martin Scorsese','Robert De Niro');
INSERT INTO Film VALUES ('Casino','Martin Scorsese','Joe Pesci');
INSERT INTO Film VALUES ('Casino','Martin Scorsese','Sharon Stone');
INSERT INTO Film VALUES ('Matrix','Lana Wachowski','Keanu Reeves');
INSERT INTO Film VALUES ('Matrix','Lana Wachowski','Hugo Weaving');
INSERT INTO Film VALUES ('Pulp Fiction','Quentin Tarantino','John Travolta');
INSERT INTO Film VALUES ('Pulp Fiction','Quentin Tarantino','Samuel Jackson');
INSERT INTO Film VALUES ('Pulp Fiction','Quentin Tarantino','Uma Thurman');
INSERT INTO Film VALUES ('Pulp Fiction','Quentin Tarantino','Bruce Willis');
INSERT INTO Film VALUES ('Pulp Fiction','Quentin Tarantino','Bruce Willis');
INSERT INTO Film VALUES ('The big Lebowski','Ethan Coen','Jeff Bridge');
INSERT INTO Film VALUES ('Interstellar','Christopher Nolan','Matthew McConaughey');
INSERT INTO Film VALUES ('Interstellar','Christopher Nolan','Anne Hathaway');
INSERT INTO Film VALUES ('Volte face','John Woo','John Travolta');
INSERT INTO Film VALUES ('Volte face','John Woo','Nicolas Cage');
INSERT INTO Film VALUES ('There will be blood','Paul Anderson','Daniel Day-Lewis');
INSERT INTO Film VALUES ('Seven','David Fincher','Brad Pitt');
INSERT INTO Film VALUES ('Seven','David Fincher','Gwyneth Paltrow');
INSERT INTO Film VALUES ('La nuit nous appartient','James Gray','Joaquin Phoenix');
INSERT INTO Film VALUES ('La nuit nous appartient','James Gray','Eva Mendes');
INSERT INTO Film VALUES ('La nuit nous appartient','James Gray','Robert Duvall');
INSERT INTO Film VALUES ('La nuit nous appartient','James Gray','Mark Wahlberg');
INSERT INTO Film VALUES ('Apocalypse now','Francis Coppola','Marlon Brando');
INSERT INTO Film VALUES ('12 years a slave','Steve McQueen','Chiwetel Ejiofor');
INSERT INTO Film VALUES ('Mystic River','Clint Eastwood','Sean Penn');
INSERT INTO Film VALUES ('Le Bon, la brute et le truand','Sergio Leone','Clint Eastwood');

INSERT INTO Produit VALUES ('Le parrain','Albert Ruddy');
INSERT INTO Produit VALUES ('Scarface','Martin Bregman');
INSERT INTO Produit VALUES ('Casino','Alain Goldman');
INSERT INTO Produit VALUES ('Matrix','Joel Silver');
INSERT INTO Produit VALUES ('Pulp Fiction','Lawrence Bender');
INSERT INTO Produit VALUES ('The big Lebowski','Ethan Coen');
INSERT INTO Produit VALUES ('Interstellar','Christopher Nolan');
INSERT INTO Produit VALUES ('Volte face','Terence Chang');
INSERT INTO Produit VALUES ('There will be blood','Paul Anderson');
INSERT INTO Produit VALUES ('Seven','Phyllis Carlyle');
INSERT INTO Produit VALUES ('La nuit nous appartient','Mark Wahlberg');
INSERT INTO Produit VALUES ('12 years a slave','Brad Pitt');
INSERT INTO Produit VALUES ('Mystic River','Clint Eastwood');

INSERT INTO Seance VALUES ('Grand Rex','Le parrain','16h00');
INSERT INTO Seance VALUES ('Grand Rex','Le parrain','19h00');
INSERT INTO Seance VALUES ('Grand Rex','Volte face','14h00');
INSERT INTO Seance VALUES ('Grand Rex','La nuit nous appartient','21h00');
INSERT INTO Seance VALUES ('Grand Rex','La nuit nous appartient','23h30');
INSERT INTO Seance VALUES ('Vox','Le parrain','23h10');
INSERT INTO Seance VALUES ('Vox','Seven','19h00');
INSERT INTO Seance VALUES ('Lucernaire','Pulp Fiction','19h00');
INSERT INTO Seance VALUES ('Lucernaire','Pulp Fiction','21h00');
INSERT INTO Seance VALUES ('Saint Lambert','Le parrain','14h00');
INSERT INTO Seance VALUES ('Le grand pavois','Apocalypse now','23h30');
INSERT INTO Seance VALUES ('Le palace','Scarface','16h00');
INSERT INTO Seance VALUES ('Le palace','12 years a slave','19h00');
INSERT INTO Seance VALUES ('Le palace','Le Bon, la brute et le truand','22h00');

INSERT INTO Vu VALUES ('John Smith','Le parrain');
INSERT INTO Vu VALUES ('John Smith','Matrix');
INSERT INTO Vu VALUES ('John Smith','Casino');
INSERT INTO Vu VALUES ('Steve Clark','Casino');
INSERT INTO Vu VALUES ('Steve Clark','There will be blood');
INSERT INTO Vu VALUES ('Steve Clark','Le Bon, la brute et le truand');
INSERT INTO Vu VALUES ('Scarlett Jones','Pulp Fiction');
INSERT INTO Vu VALUES ('Scarlett Jones','Seven');

INSERT INTO Aime VALUES ('John Smith','Le parrain');
INSERT INTO Aime VALUES ('John Smith','Matrix');
INSERT INTO Aime VALUES ('John Smith','Casino');
INSERT INTO Aime VALUES ('Steve Clark','Casino');
INSERT INTO Aime VALUES ('Steve Clark','There will be blood');